N,dt,n_steps,reps,serial_lf_ms,simd_lf_ms,lf_speedup,serial_leapfrog_ms,simd_leapfrog_ms,leapfrog_speedup
20,1,25,3,0.0016,0.00253333,0.631579,0.00386667,0.0022,1.75758
1000,1,25,3,0.0619333,0.0370333,1.67237,0.0598667,0.0240333,2.49098
10000,1,25,3,0.2412,0.111833,2.15678,0.236533,0.119167,1.9849
100000,1,25,3,4.66443,1.79997,2.5914,3.1144,2.00017,1.55707
500000,1,25,3,12.0396,9.07427,1.32678,12.0543,10.1802,1.1841
1000000,1,25,3,24.4521,19.183,1.27468,26.521,28.8513,0.919231
