flux,scheme,N,omp_threads,dt,n_steps,reps,serial_total_ms,omp_total_ms,simd_total_ms,omp_speedup_pct,simd_speedup_pct,serial_cfl_pct,serial_tv_pct,omp_cfl_pct,omp_tv_pct,simd_cfl_pct,simd_tv_pct
floodWave,lax_friedrichs,20,1,0.5,30,3,0.003,0.0203333,0.002,-577.778,33.3333,11.1111,55.5556,29.5082,36.0656,50,16.6667
floodWave,leapfrog,20,1,0.5,30,3,0.004,0.0153333,0.002,-283.333,50,8.33333,16.6667,34.7826,30.4348,33.3333,16.6667
floodWave,lax_friedrichs,20,2,0.5,30,3,0.003,0.909667,0.002,-30222.2,33.3333,11.1111,55.5556,32.7959,32.9058,50,16.6667
floodWave,leapfrog,20,2,0.5,30,3,0.004,0.876333,0.002,-21808.3,50,8.33333,16.6667,33.7771,32.9783,33.3333,16.6667
floodWave,lax_friedrichs,1000,1,0.5,30,3,0.045,0.108333,0.0433333,-140.741,3.7037,1.48148,2.96296,28.9231,29.2308,1.53846,0.769231
floodWave,leapfrog,1000,1,0.5,30,3,0.0453333,0.107,0.0423333,-136.029,6.61765,1.47059,1.47059,27.4143,29.2835,3.14961,0.787402
floodWave,lax_friedrichs,1000,2,0.5,30,3,0.045,0.840333,0.0433333,-1767.41,3.7037,1.48148,2.96296,33.2011,33.1614,1.53846,0.769231
floodWave,leapfrog,1000,2,0.5,30,3,0.0453333,0.804667,0.0423333,-1675,6.61765,1.47059,1.47059,33.5543,32.3944,3.14961,0.787402
