N,dt,n_steps,reps,serial_lf_ms,simd_lf_ms,lf_speedup,serial_leapfrog_ms,simd_leapfrog_ms,leapfrog_speedup
20,0.5,35,3,0.002,0.00133333,1.5,0.00133333,0.001,1.33333
1000,0.5,35,3,0.0546667,0.0546667,1,0.049,0.0456667,1.07299
10000,0.5,35,3,0.530667,0.525,1.01079,0.470667,0.437333,1.07622
100000,0.5,35,3,4.31233,4.03133,1.0697,3.74133,3.295,1.13546
500000,0.5,35,3,17.529,17.5823,0.996967,15.8353,14.4423,1.09645
1000000,0.5,35,3,34.9677,35.044,0.997822,31.936,29.3027,1.08987
